creator_name,handle,content_id,platform,content_type,publish_date,captured_at,views,reach,impressions,likes,comments,saves,shares,watch_time
Sara Ahmed,@sara.ahmed,IG-1001,Instagram,Reel,2026-03-10,2026-03-20,184.5K,143.9K,"199,260",8.5K,313,571,221,590.4
Sara Ahmed,@sara.ahmed,IG-1002,Instagram,Story,2026-03-11,2026-03-20,64.6K,50.4K,"69,739",3.0K,109,200,77,206.7
Sara Ahmed,@sara.ahmed,IG-1003,Instagram,Story,2026-03-12,2026-03-20,64.6K,50.4K,"69,739",3.0K,109,200,77,206.7
Omar Ali,@omar.ali,IG-1010,Instagram,Reel,2026-03-09,2026-03-20,121.3K,94.6K,"131,004",5.6K,206,376,145,388.2
Omar Ali,@omar.ali,IG-1011,Instagram,Story,2026-03-10,2026-03-20,42.5K,33.1K,"45,851",2.0K,72,131,50,136.0
Omar Ali,@omar.ali,TT-2010,TikTok,Video,2026-03-12,2026-03-20,109.2K,85.2K,"117,903",5.0K,185,338,131,349.4
Lina Hassan,@lina.hassan,IG-1020,Instagram,Reel,2026-03-08,2026-03-20,96.4K,75.2K,"104,112",4.4K,163,298,115,308.5
Lina Hassan,@lina.hassan,IG-1021,Instagram,Story,2026-03-09,2026-03-20,33.7K,26.3K,"36,439",1.6K,57,104,40,107.8
Youssef Karim,@youssefk,IG-1030,Instagram,Reel,2026-03-07,2026-03-20,78.2K,61.0K,"84,456",3.6K,132,242,93,250.2
Youssef Karim,@youssefk,IG-1031,Instagram,Story,2026-03-08,2026-03-20,27.4K,21.3K,"29,559",1.3K,46,84,32,87.7
Nour El-Sayed,@nour.elsayed,IG-1040,Instagram,Reel,2026-03-11,2026-03-20,143.0K,111.5K,"154,440",6.6K,243,443,171,457.6
Maya Farouk,@maya.farouk,IG-1050,Instagram,Reel,2026-03-06,2026-03-20,88.5K,69.0K,"95,580",4.1K,150,274,106,283.2
Maya Farouk,@maya.farouk,IG-1051,Instagram,Story,2026-03-07,2026-03-20,31.0K,24.2K,"33,451",1.4K,52,96,37,99.2
Maya Farouk,@maya.farouk,IG-1052,Instagram,Story,2026-03-08,2026-03-20,31.0K,24.2K,"33,451",1.4K,52,96,37,99.2
Hana Mostafa,@hana.mostafa,IG-1060,Instagram,Reel,2026-03-09,2026-03-20,102.4K,79.9K,"110,592",4.7K,174,317,122,327.7
Hana Mostafa,@hana.mostafa,IG-1061,Instagram,Story,2026-03-10,2026-03-20,35.8K,28.0K,"38,707",1.6K,60,111,43,114.6
Rana Khalil,@rana.khalil,IG-1070,Instagram,Reel,2026-03-05,2026-03-20,251.0K,195.8K,"271,080",11.5K,426,778,301,803.2
Rana Khalil,@rana.khalil,IG-1071,Instagram,Story,2026-03-06,2026-03-20,87.8K,68.5K,"94,878",4.0K,149,272,105,281.0
Rana Khalil,@rana.khalil,IG-1072,Instagram,Story,2026-03-07,2026-03-20,87.8K,68.5K,"94,878",4.0K,149,272,105,281.0
Rana Khalil,@rana.khalil,IG-1073,Instagram,Post,2026-03-13,2026-03-20,150.6K,117.5K,"162,648",6.9K,256,466,180,481.9
Dina Fathy,@dina.fathy,IG-1080,Instagram,Reel,2026-03-12,2026-03-20,67.8K,52.9K,"73,224",3.1K,115,210,81,217.0
Dina Fathy,@dina.fathy,IG-1081,Instagram,Story,2026-03-13,2026-03-20,23.7K,18.5K,"25,628",1.1K,40,73,28,75.8
Dina Fathy,@dina.fathy,IG-1082,Instagram,Story,2026-03-14,2026-03-20,23.7K,18.5K,"25,628",1.1K,40,73,28,75.8
Salma Adel,@salma.adel,IG-1090,Instagram,Reel,2026-03-08,2026-03-20,134.5K,104.9K,"145,260",6.2K,228,416,161,430.4
Salma Adel,@salma.adel,IG-1091,Instagram,Story,2026-03-09,2026-03-20,47.1K,36.7K,"50,841",2.2K,80,145,56,150.7
Salma Adel,@salma.adel,IG-1092,Instagram,Story,2026-03-10,2026-03-20,47.1K,36.7K,"50,841",2.2K,80,145,56,150.7
Aya Rahman,@aya.rahman,IG-1100,Instagram,Reel,2026-03-11,2026-03-20,91.2K,71.1K,"98,496",4.2K,155,282,109,291.8
Aya Rahman,@aya.rahman,IG-1101,Instagram,Story,2026-03-12,2026-03-20,31.9K,24.9K,"34,472",1.5K,54,98,38,102.1
Aya Rahman,@aya.rahman,IG-1102,Instagram,Story,2026-03-13,2026-03-20,31.9K,24.9K,"34,472",1.5K,54,98,38,102.1
Karim Nasser,@karim.nasser,IG-1110,Instagram,Reel,2026-03-18,2026-03-20,118.7K,92.6K,"128,196",5.5K,201,367,142,379.8
Karim Nasser,@karim.nasser,IG-1111,Instagram,Story,2026-03-19,2026-03-20,41.5K,32.4K,"44,868",1.9K,70,128,49,132.8
Karim Nasser,@karim.nasser,IG-1112,Instagram,Story,2026-03-14,2026-03-20,41.5K,32.4K,"44,868",1.9K,70,128,49,132.8
