creator_name,handle,content_id,platform,content_type,publish_date,captured_at,views,reach,impressions,likes,comments,saves,shares,watch_time
Menna Samir,@menna.samir,IG-2001,Instagram,Reel,2026-07-10,2026-07-20,165.0K,128.7K,"178,200",7.6K,280,512,198,528.0
Menna Samir,@menna.samir,IG-2002,Instagram,Story,2026-07-11,2026-07-20,57.7K,45.0K,"62,369",2.7K,98,179,69,184.8
Menna Samir,@menna.samir,IG-2003,Instagram,Story,2026-07-12,2026-07-20,57.7K,45.0K,"62,369",2.7K,98,179,69,184.8
Tarek Yousef,@tarek.yousef,IG-2010,Instagram,Reel,2026-07-09,2026-07-20,118.0K,92.0K,"127,440",5.4K,201,366,142,377.6
Tarek Yousef,@tarek.yousef,IG-2011,Instagram,Story,2026-07-10,2026-07-20,41.3K,32.2K,"44,604",1.9K,70,128,50,132.2
Freddie Morgan,@freddie.m,IG-2020,Instagram,Reel,2026-07-08,2026-07-20,84.0K,65.5K,"90,720",3.9K,143,260,101,268.8
Freddie Morgan,@freddie.m,IG-2021,Instagram,Story,2026-07-09,2026-07-20,29.4K,22.9K,"31,752",1.4K,50,91,35,94.1
Peter Butros,@peter.b,IG-2030,Instagram,Reel,2026-07-07,2026-07-20,132.0K,103.0K,"142,560",6.1K,224,409,158,422.4
Peter Butros,@peter.b,IG-2031,Instagram,Story,2026-07-08,2026-07-20,46.2K,36.0K,"49,895",2.1K,79,143,55,147.8
Salah Abdalla,@salah.abdalla,IG-2040,Instagram,Reel,2026-07-11,2026-07-20,95.0K,74.1K,"102,600",4.4K,162,294,114,304.0
Salah Abdalla,@salah.abdalla,IG-2041,Instagram,Story,2026-07-12,2026-07-20,33.2K,25.9K,"35,910",1.5K,57,103,40,106.4
Nina Boulos,@nina.boulos,IG-2050,Instagram,Reel,2026-07-06,2026-07-20,71.0K,55.4K,"76,680",3.3K,121,220,85,227.2
Nina Boulos,@nina.boulos,IG-2051,Instagram,Story,2026-07-07,2026-07-20,24.8K,19.4K,"26,837",1.1K,42,77,30,79.5
Nina Boulos,@nina.boulos,IG-2052,Instagram,Story,2026-07-08,2026-07-20,24.8K,19.4K,"26,837",1.1K,42,77,30,79.5
Mario Nabeel,@mario.nabeel,IG-2060,Instagram,Reel,2026-07-09,2026-07-20,232.0K,181.0K,"250,560",10.7K,394,719,278,742.4
Mario Nabeel,@mario.nabeel,IG-2061,Instagram,Story,2026-07-10,2026-07-20,81.2K,63.3K,"87,695",3.7K,138,252,97,259.8
Bassem Farid,@bassem.farid,IG-2070,Instagram,Reel,2026-07-05,2026-07-20,62.0K,48.4K,"66,960",2.9K,105,192,74,198.4
Bassem Farid,@bassem.farid,IG-2071,Instagram,Story,2026-07-06,2026-07-20,21.7K,16.9K,"23,436",1.0K,37,67,26,69.4
Bassem Farid,@bassem.farid,IG-2072,Instagram,Story,2026-07-07,2026-07-20,21.7K,16.9K,"23,436",1.0K,37,67,26,69.4
Bassem Farid,@bassem.farid,IG-2073,Instagram,Post,2026-07-13,2026-07-20,56.4K,44.0K,"60,933",2.6K,96,175,68,180.5
Sandy Girgis,@sandy.girgis,IG-2080,Instagram,Reel,2026-07-12,2026-07-20,148.0K,115.4K,"159,840",6.8K,252,459,178,473.6
Sandy Girgis,@sandy.girgis,IG-2081,Instagram,Story,2026-07-13,2026-07-20,51.8K,40.4K,"55,944",2.4K,88,161,62,165.8
Sandy Girgis,@sandy.girgis,IG-2082,Instagram,Story,2026-07-14,2026-07-20,51.8K,40.4K,"55,944",2.4K,88,161,62,165.8
Reem Helmy,@reem.helmy,IG-2090,Instagram,Reel,2026-07-08,2026-07-20,88.0K,68.6K,"95,040",4.0K,150,273,106,281.6
Reem Helmy,@reem.helmy,IG-2091,Instagram,Story,2026-07-09,2026-07-20,30.8K,24.0K,"33,264",1.4K,52,95,37,98.6
Reem Helmy,@reem.helmy,IG-2092,Instagram,Story,2026-07-10,2026-07-20,30.8K,24.0K,"33,264",1.4K,52,95,37,98.6
Hany Soliman,@hany.soliman,IG-2100,Instagram,Reel,2026-07-11,2026-07-20,105.0K,81.9K,"113,400",4.8K,178,326,126,336.0
Hany Soliman,@hany.soliman,IG-2101,Instagram,Story,2026-07-12,2026-07-20,36.8K,28.7K,"39,690",1.7K,62,114,44,117.6
Hany Soliman,@hany.soliman,IG-2102,Instagram,Story,2026-07-13,2026-07-20,36.8K,28.7K,"39,690",1.7K,62,114,44,117.6
Hany Soliman,@hany.soliman,IG-2110,Instagram,Reel,2026-07-18,2026-07-20,105.0K,81.9K,"113,400",4.8K,178,326,126,336.0
Hany Soliman,@hany.soliman,IG-2111,Instagram,Story,2026-07-19,2026-07-20,36.8K,28.7K,"39,690",1.7K,62,114,44,117.6
Hany Soliman,@hany.soliman,IG-2112,Instagram,Story,2026-07-14,2026-07-20,36.8K,28.7K,"39,690",1.7K,62,114,44,117.6
Tarek Yousef,@tarek.yousef,TT-2110,TikTok,Video,2026-07-12,2026-07-20,118.0K,92.0K,"127,440",5.4K,201,366,142,377.6
