post_id,creator,platform,url,published_date,impressions,engagements,clicks,conversions,spend
PST-2001,Maya Chen,Instagram,https://instagram.com/p/mc1,2026-09-05,412000,28700,5100,320,240.0
PST-2002,Maya Chen,Instagram,https://instagram.com/p/mc2,2026-09-19,388500,25100,4700,280,220.0
PST-2003,@diegoeats,YouTube,https://youtube.com/watch?v=d1,2026-09-08,905000,54200,12800,810,640.0
PST-2004,Priya Nair,TikTok,https://tiktok.com/@priyahacks/v1,2026-09-10,1240000,96400,15100,640,410.0
PST-2005,Priya Nair,TikTok,https://tiktok.com/@priyahacks/v2,2026-09-24,860000,61300,9800,430,380.0
PST-2006,Tomi Okafor,Instagram,https://instagram.com/p/to1,2026-09-12,152000,9800,1900,95,110.0
PST-2007,Lena Fischer,Instagram,https://instagram.com/p/lf1,2026-09-03,98000,6100,1400,70,60.0
PST-2008,Lena Fischer,Instagram,https://instagram.com/p/lf2,2026-09-11,104000,7200,1600,82,65.0
PST-2009,Lena Fischer,Instagram,https://instagram.com/p/lf3,2026-09-21,91000,5400,1250,61,55.0
PST-2010,Marcus Webb,YouTube,https://youtube.com/shorts/w1,2026-09-15,330000,21500,4100,210,190.0
PST-2011,Marcus Webb,Instagram,https://instagram.com/p/mw2,2026-09-26,210000,14900,2800,150,160.0
PST-2012,Sofia Marino,TikTok,https://tiktok.com/@sofiastyle/v1,2026-09-07,520000,38800,6900,300,240.0
PST-2013,Sofia Marino,TikTok,https://tiktok.com/@sofiastyle/v2,2026-09-18,460000,31200,5600,260,230.0
PST-2014,Kai Tanaka,Twitch,https://twitch.tv/kaiplays/clip1,2026-09-14,76000,4300,980,44,90.0
PST-2015,Amara Diallo,Instagram,https://instagram.com/p/ad1,2026-09-06,615000,44900,8100,420,300.0
PST-2016,Amara Diallo,Instagram,https://instagram.com/p/ad2,2026-09-20,590000,40100,7400,380,280.0
PST-2017,Jonas Berg,Podcast,https://open.spotify.com/ep/jb9,2026-09-02,45000,1200,640,28,40.0
PST-2018,Elif Kaya,YouTube,https://youtube.com/shorts/ek1,2026-09-09,275000,18300,3400,160,150.0
PST-2019,Elif Kaya,YouTube,https://youtube.com/shorts/ek2,2026-09-23,240000,15900,2900,140,140.0
PST-2020,Milo Grant,Instagram,https://instagram.com/p/mg1,2026-09-17,33000,1500,420,12,30.0
PST-2021,Tanaka Kai Live,Twitch,https://twitch.tv/kaiplays/clip2,2026-09-29,52000,3100,700,33,55.0
PST-2004,Priya Nair,TikTok,https://tiktok.com/@priyahacks/v1,2026-09-10,1240000,96400,15100,640,410.0
PST-2015,Amara Diallo,Instagram,https://instagram.com/p/ad1,2026-09-06,618000,45200,8150,425,300.0
