contract_id,creator,deliverable,amount,status
CT-101,Maya Chen,2x Instagram Reel,2400.00,active
CT-102,Diego Ramirez,1x YouTube Integration,3500.00,active
CT-103,Priya Nair,2x TikTok Video,1800.00,active
CT-104,Tom Okafor,1x Instagram Reel,1200.00,active
CT-105,Lena Fischer,3x Instagram Story Set,900.00,active
CT-106,Marcus Webb,1x YouTube Short + Reel,2000.00,active
CT-107,Sofia Marino,2x TikTok Video,1500.00,active
CT-108,Kai Tanaka,1x Twitch Segment,2200.00,active
CT-109,Amara Diallo,2x Instagram Reel,2600.00,active
CT-110,Jonas Berg,1x Podcast Read,800.00,active
CT-111,Elif Kaya,2x YouTube Short,1700.00,active
CT-112,Rosa Delgado,1x Instagram Reel,1300.00,active
CT-113,Tom Okafor,1x Instagram Story Set,500.00,active
CT-114,Milo Grant,1x Instagram Reel,600.00,active
