invoice_number,creator,amount,period,status
INV-9001,Maya Chen,2400.00,2026-09,approved
INV-9002,@diegoeats,3500.00,2026-09,approved
INV-9003,Priya Nair,1800.00,2026-09,approved
INV-9004,Tomi Okafor,1200.00,2026-09,approved
INV-9005,Lena Fischer,1050.00,2026-09,approved
INV-9006,Marcus Webb,2000.00,2026-09,approved
INV-9007,Sofia Marino,1500.00,2026-09,approved
INV-9008,Kai Tanaka,2200.00,2026-09,approved
INV-9009,Amara Diallo,2600.00,2026-09,approved
INV-9010,Jonas Berg,800.00,2026-09,approved
INV-9011,Elif Kaya,1900.00,2026-09,approved
INV-9012,Nina Petrova,950.00,2026-09,approved
INV-9013,Tomi Okafor,500.00,2026-09,approved
INV-9014,Rosa Delgado,1300.00,2026-09,approved
INV-9015,Milo Grant,600.00,2026-09,approved
