payment_ref,creator,amount,date
PAY-7701,Maya Chen,2400.00,2026-09-28
PAY-7702,Diego Ramirez,3500.00,2026-09-28
PAY-7703,Tom Okafor,1200.00,2026-09-29
PAY-7704,Lena Fischer,1050.00,2026-09-29
PAY-7705,Marcus Webb,2000.00,2026-09-30
PAY-7706,Kai Tanaka,2200.00,2026-09-30
PAY-7707,Amara Diallo,2600.00,2026-09-30
PAY-7708,Elif Kaya,1900.00,2026-10-01
PAY-7709,Nina Petrova,950.00,2026-10-01
PAY-7710,@milo.g,600.00,2026-09-27
PAY-7711,Tom Okafor,500.00,2026-10-02
PAY-7712,Rosa Delgado,1300.00,2026-10-02
PAY-7713,Milo Grant,600.00,2026-10-02
